Subreddit 1,Subreddit 2,Common authors,Common authors as fraction of second subreddit,Common authors as fraction of first subreddit
SandersForPresident,SandersForPresident,2723,1,1
SandersForPresident,Conservative,206,0.01585835258,0.07565185457
SandersForPresident,democrats,78,0.02375875723,0.02864487697
SandersForPresident,Liberal,32,0.01471264368,0.0117517444
SandersForPresident,Republican,29,0.01104761905,0.01065001836
SandersForPresident,worldnews,1607,0.005665912152,0.5901579141
SandersForPresident,The_Donald,806,0.004617402911,0.2959970621
SandersForPresident,hillaryclinton,372,0.0178880554,0.1366140286
SandersForPresident,news,1498,0.005907708811,0.5501285347
SandersForPresident,politics,2095,0.007520227438,0.7693720162
Conservative,SandersForPresident,206,0.07565185457,0.01585835258
Conservative,Conservative,12990,1,1
Conservative,democrats,249,0.07584526348,0.01916859122
Conservative,Liberal,280,0.1287356322,0.02155504234
Conservative,Republican,814,0.3100952381,0.06266358737
Conservative,worldnews,5626,0.01983598119,0.4331023865
Conservative,The_Donald,5053,0.02894756441,0.3889915319
Conservative,hillaryclinton,1166,0.05606847471,0.08976135489
Conservative,news,5450,0.02149333312,0.4195535027
Conservative,politics,7791,0.02796663101,0.5997690531
democrats,SandersForPresident,78,0.02864487697,0.02375875723
democrats,Conservative,249,0.01916859122,0.07584526348
democrats,democrats,3283,1,1
democrats,Liberal,355,0.1632183908,0.1081328054
democrats,Republican,222,0.08457142857,0.06762107828
democrats,worldnews,1185,0.004178037274,0.3609503503
democrats,The_Donald,677,0.003878389294,0.2062138288
democrats,hillaryclinton,965,0.04640315445,0.2939384709
democrats,news,1257,0.004957269676,0.3828815108
democrats,politics,2034,0.007301261388,0.6195552848
Liberal,SandersForPresident,32,0.0117517444,0.01471264368
Liberal,Conservative,280,0.02155504234,0.1287356322
Liberal,democrats,355,0.1081328054,0.1632183908
Liberal,Liberal,2175,1,1
Liberal,Republican,112,0.04266666667,0.05149425287
Liberal,worldnews,844,0.002975749755,0.388045977
Liberal,The_Donald,451,0.002583683267,0.2073563218
Liberal,hillaryclinton,357,0.01716676284,0.164137931
Liberal,news,849,0.00334822749,0.3903448276
Liberal,politics,1280,0.004594697432,0.5885057471
Republican,SandersForPresident,29,0.01065001836,0.01104761905
Republican,Conservative,814,0.06266358737,0.3100952381
Republican,democrats,222,0.06762107828,0.08457142857
Republican,Liberal,112,0.05149425287,0.04266666667
Republican,Republican,2625,1,1
Republican,worldnews,1014,0.00357513063,0.3862857143
Republican,The_Donald,865,0.004955401388,0.3295238095
Republican,hillaryclinton,278,0.01336795538,0.1059047619
Republican,news,950,0.003746544306,0.3619047619
Republican,politics,1514,0.005434665556,0.5767619048
worldnews,SandersForPresident,1607,0.5901579141,0.005665912152
worldnews,Conservative,5626,0.4331023865,0.01983598119
worldnews,democrats,1185,0.3609503503,0.004178037274
worldnews,Liberal,844,0.388045977,0.002975749755
worldnews,Republican,1014,0.3862857143,0.00357513063
worldnews,worldnews,283626,1,1
worldnews,The_Donald,42288,0.2422589756,0.1490977555
worldnews,hillaryclinton,7186,0.3455472206,0.02533618216
worldnews,news,107127,0.4224800546,0.3777051469
worldnews,politics,96455,0.3462355788,0.3400781311
The_Donald,SandersForPresident,806,0.2959970621,0.004617402911
The_Donald,Conservative,5053,0.3889915319,0.02894756441
The_Donald,democrats,677,0.2062138288,0.003878389294
The_Donald,Liberal,451,0.2073563218,0.002583683267
The_Donald,Republican,865,0.3295238095,0.004955401388
The_Donald,worldnews,42288,0.1490977555,0.2422589756
The_Donald,The_Donald,174557,1,1
The_Donald,hillaryclinton,6544,0.3146758992,0.03748918691
The_Donald,news,36985,0.1458588854,0.2118792142
The_Donald,politics,56549,0.2029887071,0.3239572174
hillaryclinton,SandersForPresident,372,0.1366140286,0.0178880554
hillaryclinton,Conservative,1166,0.08976135489,0.05606847471
hillaryclinton,democrats,965,0.2939384709,0.04640315445
hillaryclinton,Liberal,357,0.164137931,0.01716676284
hillaryclinton,Republican,278,0.1059047619,0.01336795538
hillaryclinton,worldnews,7186,0.02533618216,0.3455472206
hillaryclinton,The_Donald,6544,0.03748918691,0.3146758992
hillaryclinton,hillaryclinton,20796,1,1
hillaryclinton,news,6928,0.02732216732,0.3331409887
hillaryclinton,politics,12323,0.04423473161,0.5925658781
news,SandersForPresident,1498,0.5501285347,0.005907708811
news,Conservative,5450,0.4195535027,0.02149333312
news,democrats,1257,0.3828815108,0.004957269676
news,Liberal,849,0.3903448276,0.00334822749
news,Republican,950,0.3619047619,0.003746544306
news,worldnews,107127,0.3777051469,0.4224800546
news,The_Donald,36985,0.2118792142,0.1458588854
news,hillaryclinton,6928,0.3331409887,0.02732216732
news,news,253567,1,1
news,politics,87685,0.3147547221,0.3458060394
politics,SandersForPresident,2095,0.7693720162,0.007520227438
politics,Conservative,7791,0.5997690531,0.02796663101
politics,democrats,2034,0.6195552848,0.007301261388
politics,Liberal,1280,0.5885057471,0.004594697432
politics,Republican,1514,0.5767619048,0.005434665556
politics,worldnews,96455,0.3400781311,0.3462355788
politics,The_Donald,56549,0.3239572174,0.2029887071
politics,hillaryclinton,12323,0.5925658781,0.04423473161
politics,news,87685,0.3458060394,0.3147547221
politics,politics,278582,1,1