num_comments,hour,score,history,is_center,is_left,is_other,is_right,is_social,is_evening,is_morning,is_night,is_noon
0.0,0.5996,0.0,0.0,0.0,0.0,0.0,0.0156,0.0,0.0,0.0,0.0012,0.0
0.5996,0.0,0.4195,0.0,0.0,0.0,0.0,0.0,0.3858,0.0,0.0,0.0,0.0
0.0,0.4195,0.0,0.0,0.0,0.0,0.0,0.7459,0.0,0.0,0.0,0.0033,0.0
0.0,0.0,0.0,0.0,0.0,0.0,0.0,0.0,0.0,0.0,0.0,0.0,0.0099
0.0,0.0,0.0,0.0,0.0,0.0,0.0,0.0,0.0,0.0,0.0,0.0,0.0
0.0,0.0,0.0,0.0,0.0,0.0,0.0,0.0,0.0,0.0,0.0,0.0,0.0
0.0,0.0,0.0,0.0,0.0,0.0,0.0,0.0,0.0,0.0,0.0,0.0,0.0
0.0156,0.0,0.7459,0.0,0.0,0.0,0.0,0.0,0.0,0.0,0.0,0.0,0.0
0.0,0.3858,0.0,0.0,0.0,0.0,0.0,0.0,0.0,0.0,0.0,0.0,0.0
0.0,0.0,0.0,0.0,0.0,0.0,0.0,0.0,0.0,0.0,0.0,0.0,0.0
0.0,0.0,0.0,0.0,0.0,0.0,0.0,0.0,0.0,0.0,0.0,0.0,0.0
0.0012,0.0,0.0033,0.0,0.0,0.0,0.0,0.0,0.0,0.0,0.0,0.0,0.0
0.0,0.0,0.0,0.0099,0.0,0.0,0.0,0.0,0.0,0.0,0.0,0.0,0.0
