date,leaning,counts
2016-09-30,center,19
2016-09-30,left,83
2016-09-30,other,129
2016-09-30,right,24
2016-09-30,social,35
2016-10-01,center,59
2016-10-01,left,260
2016-10-01,other,486
2016-10-01,right,59
2016-10-01,social,105
2016-10-02,center,73
2016-10-02,left,208
2016-10-02,other,478
2016-10-02,right,69
2016-10-02,social,102
2016-10-03,center,116
2016-10-03,left,372
2016-10-03,other,684
2016-10-03,right,103
2016-10-03,social,149
2016-10-04,center,102
2016-10-04,left,360
2016-10-04,other,707
2016-10-04,right,112
2016-10-04,social,214
2016-10-05,center,85
2016-10-05,left,314
2016-10-05,other,613
2016-10-05,right,101
2016-10-05,social,157
2016-10-06,center,81
2016-10-06,left,305
2016-10-06,other,636
2016-10-06,right,82
2016-10-06,social,127
2016-10-07,center,135
2016-10-07,left,473
2016-10-07,other,746
2016-10-07,right,107
2016-10-07,social,172
2016-10-08,center,153
2016-10-08,left,412
2016-10-08,other,687
2016-10-08,right,56
2016-10-08,social,193
2016-10-09,center,126
2016-10-09,left,394
2016-10-09,other,766
2016-10-09,right,65
2016-10-09,social,298
2016-10-10,center,117
2016-10-10,left,517
2016-10-10,other,1076
2016-10-10,right,107
2016-10-10,social,252
2016-10-11,center,154
2016-10-11,left,491
2016-10-11,other,918
2016-10-11,right,115
2016-10-11,social,238
2016-10-12,center,145
2016-10-12,left,592
2016-10-12,other,1087
2016-10-12,right,152
2016-10-12,social,252
2016-10-13,center,170
2016-10-13,left,571
2016-10-13,other,1171
2016-10-13,right,125
2016-10-13,social,229
2016-10-14,center,137
2016-10-14,left,520
2016-10-14,other,1019
2016-10-14,right,120
2016-10-14,social,216
2016-10-15,center,91
2016-10-15,left,345
2016-10-15,other,642
2016-10-15,right,77
2016-10-15,social,143
2016-10-16,center,92
2016-10-16,left,330
2016-10-16,other,689
2016-10-16,right,76
2016-10-16,social,191
2016-10-17,center,149
2016-10-17,left,438
2016-10-17,other,906
2016-10-17,right,103
2016-10-17,social,278
2016-10-18,center,159
2016-10-18,left,414
2016-10-18,other,921
2016-10-18,right,104
2016-10-18,social,282
2016-10-19,center,146
2016-10-19,left,590
2016-10-19,other,987
2016-10-19,right,83
2016-10-19,social,310
2016-10-20,center,111
2016-10-20,left,428
2016-10-20,other,819
2016-10-20,right,108
2016-10-20,social,285
2016-10-21,center,116
2016-10-21,left,317
2016-10-21,other,694
2016-10-21,right,75
2016-10-21,social,193
2016-10-22,center,71
2016-10-22,left,227
2016-10-22,other,524
2016-10-22,right,56
2016-10-22,social,131
2016-10-23,center,93
2016-10-23,left,239
2016-10-23,other,480
2016-10-23,right,56
2016-10-23,social,187
2016-10-24,center,107
2016-10-24,left,428
2016-10-24,other,760
2016-10-24,right,97
2016-10-24,social,212
2016-10-25,center,107
2016-10-25,left,462
2016-10-25,other,771
2016-10-25,right,87
2016-10-25,social,186
2016-10-26,center,141
2016-10-26,left,495
2016-10-26,other,796
2016-10-26,right,85
2016-10-26,social,229
2016-10-27,center,117
2016-10-27,left,452
2016-10-27,other,802
2016-10-27,right,90
2016-10-27,social,228
2016-10-28,center,145
2016-10-28,left,477
2016-10-28,other,780
2016-10-28,right,87
2016-10-28,social,252
2016-10-29,center,80
2016-10-29,left,234
2016-10-29,other,483
2016-10-29,right,60
2016-10-29,social,160
2016-10-30,center,105
2016-10-30,left,327
2016-10-30,other,548
2016-10-30,right,72
2016-10-30,social,195
2016-10-31,center,122
2016-10-31,left,467
2016-10-31,other,775
2016-10-31,right,96
2016-10-31,social,182
2016-11-01,center,132
2016-11-01,left,482
2016-11-01,other,893
2016-11-01,right,111
2016-11-01,social,263
2016-11-02,center,150
2016-11-02,left,380
2016-11-02,other,925
2016-11-02,right,106
2016-11-02,social,265
2016-11-03,center,147
2016-11-03,left,391
2016-11-03,other,901
2016-11-03,right,100
2016-11-03,social,239
2016-11-04,center,165
2016-11-04,left,479
2016-11-04,other,970
2016-11-04,right,87
2016-11-04,social,287
2016-11-05,center,100
2016-11-05,left,361
2016-11-05,other,686
2016-11-05,right,70
2016-11-05,social,272
2016-11-06,center,121
2016-11-06,left,390
2016-11-06,other,822
2016-11-06,right,93
2016-11-06,social,335
2016-11-07,center,135
2016-11-07,left,499
2016-11-07,other,1130
2016-11-07,right,100
2016-11-07,social,365
2016-11-08,center,159
2016-11-08,left,574
2016-11-08,other,1451
2016-11-08,right,102
2016-11-08,social,702
2016-11-09,center,203
2016-11-09,left,540
2016-11-09,other,1264
2016-11-09,right,97
2016-11-09,social,602
2016-11-10,center,200
2016-11-10,left,474
2016-11-10,other,1162
2016-11-10,right,101
2016-11-10,social,443
2016-11-11,center,132
2016-11-11,left,462
2016-11-11,other,884
2016-11-11,right,107
2016-11-11,social,339
2016-11-12,center,91
2016-11-12,left,274
2016-11-12,other,641
2016-11-12,right,59
2016-11-12,social,264
2016-11-13,center,121
2016-11-13,left,289
2016-11-13,other,617
2016-11-13,right,65
2016-11-13,social,230
2016-11-14,center,166
2016-11-14,left,400
2016-11-14,other,757
2016-11-14,right,87
2016-11-14,social,202
2016-11-15,center,156
2016-11-15,left,441
2016-11-15,other,766
2016-11-15,right,101
2016-11-15,social,173
2016-11-16,center,157
2016-11-16,left,414
2016-11-16,other,713
2016-11-16,right,94
2016-11-16,social,167
2016-11-17,center,154
2016-11-17,left,407
2016-11-17,other,720
2016-11-17,right,86
2016-11-17,social,169
2016-11-18,center,123
2016-11-18,left,390
2016-11-18,other,675
2016-11-18,right,68
2016-11-18,social,124
2016-11-19,center,77
2016-11-19,left,248
2016-11-19,other,469
2016-11-19,right,49
2016-11-19,social,114
2016-11-20,center,74
2016-11-20,left,226
2016-11-20,other,407
2016-11-20,right,66
2016-11-20,social,117
2016-11-21,center,127
2016-11-21,left,366
2016-11-21,other,671
2016-11-21,right,74
2016-11-21,social,168
2016-11-22,center,141
2016-11-22,left,495
2016-11-22,other,662
2016-11-22,right,85
2016-11-22,social,125
2016-11-23,center,111
2016-11-23,left,344
2016-11-23,other,618
2016-11-23,right,57
2016-11-23,social,143
2016-11-24,center,44
2016-11-24,left,161
2016-11-24,other,345
2016-11-24,right,41
2016-11-24,social,97
2016-11-25,center,72
2016-11-25,left,218
2016-11-25,other,409
2016-11-25,right,34
2016-11-25,social,93
2016-11-26,center,60
2016-11-26,left,166
2016-11-26,other,314
2016-11-26,right,35
2016-11-26,social,99
2016-11-27,center,56
2016-11-27,left,184
2016-11-27,other,357
2016-11-27,right,42
2016-11-27,social,63
2016-11-28,center,101
2016-11-28,left,302
2016-11-28,other,570
2016-11-28,right,72
2016-11-28,social,103
2016-11-29,center,123
2016-11-29,left,363
2016-11-29,other,564
2016-11-29,right,73
2016-11-29,social,125
2016-11-30,center,125
2016-11-30,left,368
2016-11-30,other,562
2016-11-30,right,66
2016-11-30,social,114
2016-12-01,center,131
2016-12-01,left,396
2016-12-01,other,624
2016-12-01,right,67
2016-12-01,social,105
2016-12-02,center,156
2016-12-02,left,389
2016-12-02,other,706
2016-12-02,right,69
2016-12-02,social,96
2016-12-03,center,61
2016-12-03,left,212
2016-12-03,other,464
2016-12-03,right,46
2016-12-03,social,99
2016-12-04,center,98
2016-12-04,left,275
2016-12-04,other,400
2016-12-04,right,43
2016-12-04,social,121
2016-12-05,center,128
2016-12-05,left,417
2016-12-05,other,566
2016-12-05,right,74
2016-12-05,social,91
2016-12-06,center,140
2016-12-06,left,433
2016-12-06,other,618
2016-12-06,right,55
2016-12-06,social,115
2016-12-07,center,150
2016-12-07,left,434
2016-12-07,other,626
2016-12-07,right,59
2016-12-07,social,96
2016-12-08,center,120
2016-12-08,left,316
2016-12-08,other,574
2016-12-08,right,57
2016-12-08,social,100
2016-12-09,center,135
2016-12-09,left,461
2016-12-09,other,558
2016-12-09,right,74
2016-12-09,social,101
2016-12-10,center,86
2016-12-10,left,267
2016-12-10,other,384
2016-12-10,right,45
2016-12-10,social,88
2016-12-11,center,98
2016-12-11,left,253
2016-12-11,other,405
2016-12-11,right,53
2016-12-11,social,85
2016-12-12,center,209
2016-12-12,left,471
2016-12-12,other,710
2016-12-12,right,85
2016-12-12,social,99
2016-12-13,center,170
2016-12-13,left,453
2016-12-13,other,625
2016-12-13,right,74
2016-12-13,social,102
2016-12-14,center,165
2016-12-14,left,382
2016-12-14,other,622
2016-12-14,right,82
2016-12-14,social,103
2016-12-15,center,147
2016-12-15,left,344
2016-12-15,other,671
2016-12-15,right,86
2016-12-15,social,119
2016-12-16,center,118
2016-12-16,left,427
2016-12-16,other,535
2016-12-16,right,81
2016-12-16,social,106
2016-12-17,center,61
2016-12-17,left,177
2016-12-17,other,377
2016-12-17,right,36
2016-12-17,social,106
2016-12-18,center,66
2016-12-18,left,158
2016-12-18,other,343
2016-12-18,right,50
2016-12-18,social,82
2016-12-19,center,142
2016-12-19,left,322
2016-12-19,other,596
2016-12-19,right,65
2016-12-19,social,95
2016-12-20,center,99
2016-12-20,left,262
2016-12-20,other,478
2016-12-20,right,60
2016-12-20,social,77
2016-12-21,center,124
2016-12-21,left,287
2016-12-21,other,494
2016-12-21,right,82
2016-12-21,social,75
2016-12-22,center,123
2016-12-22,left,312
2016-12-22,other,429
2016-12-22,right,78
2016-12-22,social,89
2016-12-23,center,107
2016-12-23,left,213
2016-12-23,other,387
2016-12-23,right,63
2016-12-23,social,66
2016-12-24,center,51
2016-12-24,left,118
2016-12-24,other,246
2016-12-24,right,26
2016-12-24,social,50
2016-12-25,center,24
2016-12-25,left,85
2016-12-25,other,170
2016-12-25,right,28
2016-12-25,social,33
2016-12-26,center,48
2016-12-26,left,123
2016-12-26,other,256
2016-12-26,right,37
2016-12-26,social,38
2016-12-27,center,86
2016-12-27,left,178
2016-12-27,other,391
2016-12-27,right,44
2016-12-27,social,50
2016-12-28,center,105
2016-12-28,left,229
2016-12-28,other,438
2016-12-28,right,63
2016-12-28,social,58
2016-12-29,center,103
2016-12-29,left,236
2016-12-29,other,396
2016-12-29,right,51
2016-12-29,social,51
2016-12-30,center,82
2016-12-30,left,223
2016-12-30,other,391
2016-12-30,right,49
2016-12-30,social,60
2016-12-31,center,40
2016-12-31,left,99
2016-12-31,other,156
2016-12-31,right,28
2016-12-31,social,42
